Country,Region,Rank_2015,Score_2015,GDP_2015,Family_2015,Health_2015,Freedom_2015,Corruption_2015,Generosity_2015,Dystopia_2015,Rank_2019,Score_2019,GDP_2019,Social_2019,Health_2019,Freedom_2019,Corruption_2019,Generosity_2019,Score_Diff,GDP_Diff,Rank_Diff
Switzerland,Western Europe,1,7.587,1.39651,1.34951,0.94143,0.66557,0.41978,0.29678,2.51738,6,7.48,1.452,1.526,1.052,0.572,0.343,0.263,-0.10699999999999932,0.05549000000000004,-5
Iceland,Western Europe,2,7.561,1.30232,1.40223,0.94784,0.62877,0.14145,0.4363,2.70201,4,7.494,1.38,1.624,1.026,0.591,0.118,0.354,-0.06700000000000017,0.07767999999999997,-2
Denmark,Western Europe,3,7.527,1.32548,1.36058,0.87464,0.64938,0.48357,0.34139,2.49204,2,7.6,1.383,1.573,0.996,0.592,0.41,0.252,0.07299999999999951,0.057520000000000016,1
Norway,Western Europe,4,7.522,1.459,1.33095,0.88521,0.66973,0.36503,0.34699,2.46531,3,7.554,1.488,1.582,1.028,0.603,0.341,0.271,0.03200000000000003,0.028999999999999915,1
Canada,North America,5,7.427,1.32629,1.32261,0.90563,0.63297,0.32957,0.45811,2.45176,9,7.278,1.365,1.505,1.039,0.584,0.308,0.285,-0.14900000000000002,0.03871000000000002,-4
Finland,Western Europe,6,7.406,1.29025,1.31826,0.88911,0.64169,0.41372,0.23351,2.61955,1,7.769,1.34,1.587,0.986,0.596,0.393,0.153,0.36300000000000043,0.04975000000000018,5
Netherlands,Western Europe,7,7.378,1.32944,1.28017,0.89284,0.61576,0.31814,0.4761,2.4657,5,7.488,1.396,1.522,0.999,0.557,0.298,0.322,0.11000000000000032,0.06655999999999995,2
Sweden,Western Europe,8,7.364,1.33171,1.28907,0.91087,0.6598,0.43844,0.36262,2.37119,7,7.343,1.387,1.487,1.009,0.574,0.373,0.267,-0.020999999999999908,0.05529000000000006,1
New Zealand,Australia and New Zealand,9,7.286,1.25018,1.31967,0.90837,0.63938,0.42922,0.47501,2.26425,8,7.307,1.303,1.557,1.026,0.585,0.38,0.33,0.021000000000000796,0.05281999999999987,1
Australia,Australia and New Zealand,10,7.284,1.33358,1.30923,0.93156,0.65124,0.35637,0.43562,2.26646,11,7.228,1.372,1.548,1.036,0.557,0.29,0.332,-0.05600000000000005,0.03842000000000012,-1
Israel,Middle East and Northern Africa,11,7.278,1.22857,1.22393,0.91387,0.41319,0.07785,0.33172,3.08854,13,7.139,1.276,1.455,1.029,0.371,0.082,0.261,-0.13899999999999935,0.04743000000000008,-2
Costa Rica,Latin America and Caribbean,12,7.226,0.95578,1.23788,0.86027,0.63376,0.10583,0.25497,3.17728,12,7.167,1.034,1.441,0.963,0.558,0.093,0.144,-0.05900000000000016,0.07822000000000007,0
Austria,Western Europe,13,7.2,1.33723,1.29704,0.89042,0.62433,0.18676,0.33088,2.5332,10,7.246,1.376,1.475,1.016,0.532,0.226,0.244,0.04600000000000026,0.03876999999999997,3
Mexico,Latin America and Caribbean,14,7.187,1.02054,0.91451,0.81444,0.48181,0.21312,0.14074,3.60214,23,6.595,1.07,1.323,0.861,0.433,0.073,0.074,-0.5920000000000005,0.04946000000000006,-9
United States,North America,15,7.119,1.39451,1.24711,0.86179,0.54604,0.1589,0.40105,2.51011,19,6.892,1.433,1.457,0.874,0.454,0.128,0.28,-0.22699999999999942,0.038490000000000135,-4
Brazil,Latin America and Caribbean,16,6.983,0.98124,1.23287,0.69702,0.49049,0.17521,0.14574,3.26001,32,6.3,1.004,1.439,0.802,0.39,0.086,0.099,-0.6829999999999998,0.022760000000000002,-16
Luxembourg,Western Europe,17,6.946,1.56391,1.21963,0.91894,0.61583,0.37798,0.28034,1.96961,14,7.09,1.609,1.479,1.012,0.526,0.316,0.194,0.14400000000000013,0.045090000000000074,3
Ireland,Western Europe,18,6.94,1.33596,1.36948,0.89533,0.61777,0.28703,0.45901,1.9757,16,7.021,1.499,1.553,0.999,0.516,0.31,0.298,0.08099999999999952,0.16304000000000007,2
Belgium,Western Europe,19,6.937,1.30782,1.28566,0.89667,0.5845,0.2254,0.2225,2.41484,18,6.923,1.356,1.504,0.986,0.473,0.21,0.16,-0.014000000000000234,0.04818000000000011,1
United Arab Emirates,Middle East and Northern Africa,20,6.901,1.42727,1.12575,0.80925,0.64157,0.38583,0.26428,2.24743,21,6.825,1.503,1.31,0.825,0.598,0.182,0.262,-0.07599999999999962,0.07572999999999985,-1
United Kingdom,Western Europe,21,6.867,1.26637,1.28548,0.90943,0.59625,0.32067,0.51912,1.96994,15,7.054,1.333,1.538,0.996,0.45,0.278,0.348,0.18700000000000028,0.06662999999999997,6
Venezuela,Latin America and Caribbean,23,6.81,1.04424,1.25596,0.72052,0.42908,0.11069,0.05841,3.19131,108,4.707,0.96,1.427,0.805,0.154,0.047,0.064,-2.1029999999999998,-0.08424000000000009,-85
Singapore,Southeastern Asia,24,6.798,1.52186,1.02,1.02525,0.54252,0.4921,0.31105,1.88501,34,6.262,1.572,1.463,1.141,0.556,0.453,0.271,-0.5360000000000005,0.05014000000000007,-10
Panama,Latin America and Caribbean,25,6.786,1.06353,1.1985,0.79661,0.5421,0.0927,0.24434,2.84848,31,6.321,1.149,1.442,0.91,0.516,0.054,0.109,-0.46499999999999986,0.08546999999999993,-6
Germany,Western Europe,26,6.75,1.32792,1.29937,0.89186,0.61477,0.21843,0.28214,2.11569,17,6.985,1.373,1.454,0.987,0.495,0.265,0.261,0.23500000000000032,0.04508000000000001,9
Chile,Latin America and Caribbean,27,6.67,1.10715,1.12447,0.85857,0.44132,0.12869,0.33363,2.67585,26,6.444,1.159,1.369,0.92,0.357,0.056,0.187,-0.22599999999999998,0.05184999999999995,1
Qatar,Middle East and Northern Africa,28,6.611,1.69042,1.0786,0.79733,0.6404,0.52208,0.32573,1.55674,29,6.374,1.684,1.313,0.871,0.555,0.167,0.22,-0.2370000000000001,-0.006420000000000092,-1
France,Western Europe,29,6.575,1.27778,1.26038,0.94579,0.55011,0.20646,0.12332,2.21126,24,6.592,1.324,1.472,1.045,0.436,0.183,0.111,0.01699999999999946,0.04622000000000015,5
Argentina,Latin America and Caribbean,30,6.574,1.05351,1.24823,0.78723,0.44974,0.08484,0.11451,2.836,47,6.086,1.092,1.432,0.881,0.471,0.05,0.066,-0.48799999999999955,0.038490000000000135,-17
Czech Republic,Central and Eastern Europe,31,6.505,1.17898,1.20643,0.84483,0.46364,0.02652,0.10686,2.67782,20,6.852,1.269,1.487,0.92,0.457,0.036,0.046,0.3470000000000004,0.09001999999999999,11
Uruguay,Latin America and Caribbean,32,6.485,1.06166,1.2089,0.8116,0.60362,0.24558,0.2324,2.32142,33,6.293,1.124,1.465,0.891,0.523,0.15,0.127,-0.19200000000000017,0.06234000000000006,-1
Colombia,Latin America and Caribbean,33,6.477,0.91861,1.24018,0.69077,0.53466,0.0512,0.18401,2.85737,43,6.125,0.985,1.41,0.841,0.47,0.034,0.099,-0.3520000000000003,0.06638999999999995,-10
Thailand,Southeastern Asia,34,6.455,0.9669,1.26504,0.7385,0.55664,0.03187,0.5763,2.31945,52,6.008,1.05,1.409,0.828,0.557,0.028,0.359,-0.44700000000000006,0.08310000000000006,-18
Saudi Arabia,Middle East and Northern Africa,35,6.411,1.39541,1.08393,0.72025,0.31048,0.32524,0.13706,2.43872,28,6.375,1.403,1.357,0.795,0.439,0.132,0.08,-0.03599999999999959,0.007589999999999986,7
Spain,Western Europe,36,6.329,1.23011,1.31379,0.95562,0.45951,0.06398,0.18227,2.12367,30,6.354,1.286,1.484,1.062,0.362,0.079,0.153,0.025000000000000355,0.055889999999999995,6
Malta,Western Europe,37,6.302,1.2074,1.30203,0.88721,0.60365,0.13586,0.51752,1.6488,22,6.726,1.3,1.52,0.999,0.564,0.151,0.375,0.4240000000000004,0.09260000000000002,15
Taiwan,Eastern Asia,38,6.298,1.29098,1.07617,0.8753,0.3974,0.08129,0.25376,2.32323,25,6.446,1.368,1.43,0.914,0.351,0.097,0.242,0.1479999999999997,0.07702000000000009,13
Kuwait,Middle East and Northern Africa,39,6.295,1.55422,1.16594,0.72492,0.55499,0.25609,0.16228,1.87634,51,6.021,1.5,1.319,0.808,0.493,0.097,0.142,-0.274,-0.054219999999999935,-12
El Salvador,Latin America and Caribbean,42,6.13,0.76454,1.02507,0.67737,0.4035,0.11776,0.10692,3.035,35,6.253,0.794,1.242,0.789,0.43,0.074,0.093,0.12300000000000022,0.02946000000000004,7
Guatemala,Latin America and Caribbean,43,6.123,0.74553,1.04356,0.64425,0.57733,0.09472,0.27489,2.74255,27,6.436,0.8,1.269,0.746,0.535,0.078,0.175,0.3129999999999997,0.05447000000000002,16
Uzbekistan,Central and Eastern Europe,44,6.003,0.63244,1.34043,0.59772,0.65821,0.30826,0.22837,2.23741,41,6.174,0.745,1.529,0.756,0.631,0.24,0.322,0.17100000000000026,0.11256,3
Slovakia,Central and Eastern Europe,45,5.995,1.16891,1.26999,0.78902,0.31751,0.03431,0.16893,2.24639,38,6.198,1.246,1.504,0.881,0.334,0.014,0.121,0.2030000000000003,0.0770900000000001,7
Japan,Eastern Asia,46,5.987,1.27074,1.25712,0.99111,0.49615,0.1806,0.10705,1.68435,58,5.886,1.327,1.419,1.088,0.445,0.14,0.069,-0.10099999999999998,0.05625999999999998,-12
South Korea,Eastern Asia,47,5.984,1.24461,0.95774,0.96538,0.33208,0.07857,0.18557,2.21978,54,5.895,1.301,1.219,1.036,0.159,0.056,0.175,-0.08900000000000041,0.05638999999999994,-7
Ecuador,Latin America and Caribbean,48,5.975,0.86402,0.99903,0.79075,0.48574,0.1809,0.11541,2.53942,50,6.028,0.912,1.312,0.868,0.498,0.087,0.126,0.052999999999999936,0.04798000000000002,-2
Bahrain,Middle East and Northern Africa,49,5.96,1.32376,1.21624,0.74716,0.45492,0.306,0.17362,1.73797,37,6.199,1.362,1.368,0.871,0.536,0.11,0.255,0.23899999999999988,0.03824000000000005,12
Italy,Western Europe,50,5.948,1.25114,1.19777,0.95446,0.26236,0.02901,0.22823,2.02518,36,6.223,1.294,1.488,1.039,0.231,0.03,0.158,0.27499999999999947,0.04286000000000012,14
Bolivia,Latin America and Caribbean,51,5.89,0.68133,0.97841,0.5392,0.57414,0.088,0.20536,2.82334,61,5.779,0.776,1.209,0.706,0.511,0.064,0.137,-0.11099999999999977,0.09467000000000003,-10
Moldova,Central and Eastern Europe,52,5.889,0.59448,1.01528,0.61826,0.32818,0.01615,0.20951,3.10712,71,5.529,0.685,1.328,0.739,0.245,0.0,0.181,-0.3600000000000003,0.09052000000000004,-19
Paraguay,Latin America and Caribbean,53,5.878,0.75985,1.30477,0.66098,0.53899,0.08242,0.3424,2.18896,63,5.743,0.855,1.475,0.777,0.514,0.08,0.184,-0.1349999999999998,0.09514999999999996,-10
Kazakhstan,Central and Eastern Europe,54,5.855,1.12254,1.12241,0.64368,0.51649,0.08454,0.11827,2.24729,60,5.809,1.173,1.508,0.729,0.41,0.096,0.146,-0.04600000000000026,0.05045999999999995,-6
Slovenia,Central and Eastern Europe,55,5.848,1.18498,1.27385,0.87337,0.60855,0.03787,0.25328,1.61583,44,6.118,1.258,1.523,0.953,0.564,0.057,0.144,0.27000000000000046,0.07302000000000008,11
Lithuania,Central and Eastern Europe,56,5.833,1.14723,1.25745,0.73128,0.21342,0.01031,0.02641,2.44649,42,6.149,1.238,1.515,0.818,0.291,0.042,0.043,0.31599999999999984,0.09077000000000002,14
Nicaragua,Latin America and Caribbean,57,5.828,0.59325,1.14184,0.74314,0.55475,0.19317,0.27815,2.32407,45,6.105,0.694,1.325,0.835,0.435,0.127,0.2,0.27700000000000014,0.1007499999999999,12
Peru,Latin America and Caribbean,58,5.824,0.90019,0.97459,0.73017,0.41496,0.05989,0.14982,2.5945,65,5.697,0.96,1.274,0.854,0.455,0.027,0.083,-0.12699999999999978,0.05980999999999992,-7
Belarus,Central and Eastern Europe,59,5.813,1.03192,1.23289,0.73608,0.37938,0.1909,0.11046,2.1309,81,5.323,1.067,1.465,0.789,0.235,0.142,0.094,-0.4899999999999993,0.03508,-22
Poland,Central and Eastern Europe,60,5.791,1.12555,1.27948,0.77903,0.53122,0.04212,0.16759,1.86565,40,6.182,1.206,1.438,0.884,0.483,0.05,0.117,0.391,0.08044999999999991,20
Malaysia,Southeastern Asia,61,5.77,1.12486,1.07023,0.72394,0.53024,0.10501,0.33075,1.88541,80,5.339,1.221,1.171,0.828,0.508,0.024,0.26,-0.43099999999999916,0.09614000000000011,-19
Croatia,Central and Eastern Europe,62,5.759,1.08254,0.79624,0.78805,0.25883,0.0243,0.05444,2.75414,75,5.432,1.155,1.266,0.914,0.296,0.022,0.119,-0.32699999999999996,0.07245999999999997,-13
Libya,Middle East and Northern Africa,63,5.754,1.13145,1.11862,0.7038,0.41668,0.11023,0.18295,2.09066,72,5.525,1.044,1.303,0.673,0.416,0.152,0.133,-0.2289999999999992,-0.08745000000000003,-9
Russia,Central and Eastern Europe,64,5.716,1.13764,1.23617,0.66926,0.36679,0.03005,0.00199,2.27394,68,5.648,1.183,1.452,0.726,0.334,0.031,0.082,-0.0680000000000005,0.04536000000000007,-4
Jamaica,Latin America and Caribbean,65,5.709,0.81038,1.15102,0.68741,0.50442,0.02299,0.2123,2.32038,56,5.89,0.831,1.478,0.831,0.49,0.028,0.107,0.18100000000000005,0.02061999999999997,9
Cyprus,Western Europe,67,5.689,1.20813,0.89318,0.92356,0.40672,0.06146,0.30638,1.88931,49,6.046,1.263,1.223,1.042,0.406,0.041,0.19,0.3570000000000002,0.054869999999999974,18
Algeria,Middle East and Northern Africa,68,5.605,0.93929,1.07772,0.61766,0.28579,0.17383,0.07822,2.43209,88,5.211,1.002,1.16,0.785,0.086,0.114,0.073,-0.39400000000000013,0.06271000000000004,-20
Kosovo,Central and Eastern Europe,69,5.589,0.80148,0.81198,0.63132,0.24749,0.04741,0.2831,2.76579,46,6.1,0.882,1.232,0.758,0.489,0.006,0.262,0.5109999999999992,0.08052000000000004,23
Turkmenistan,Central and Eastern Europe,70,5.548,0.95847,1.22668,0.53886,0.4761,0.30844,0.16979,1.86984,87,5.247,1.052,1.538,0.657,0.394,0.028,0.244,-0.30100000000000016,0.09353,-17
Mauritius,Sub-Saharan Africa,71,5.477,1.00761,0.98521,0.7095,0.56066,0.07521,0.37744,1.76145,57,5.888,1.12,1.402,0.798,0.498,0.06,0.215,0.4109999999999996,0.11239000000000021,14
Hong Kong,Eastern Asia,72,5.474,1.38604,1.05818,1.01328,0.59608,0.37124,0.39478,0.65429,76,5.43,1.438,1.277,1.122,0.44,0.287,0.258,-0.04400000000000048,0.051960000000000006,-4
Estonia,Central and Eastern Europe,73,5.429,1.15174,1.22791,0.77361,0.44888,0.15184,0.0868,1.58782,55,5.893,1.237,1.528,0.874,0.495,0.161,0.103,0.4639999999999995,0.08526000000000011,18
Indonesia,Southeastern Asia,74,5.399,0.82827,1.08708,0.63793,0.46611,0.0,0.51535,1.86399,92,5.192,0.931,1.203,0.66,0.491,0.028,0.498,-0.20699999999999985,0.1027300000000001,-18
Vietnam,Southeastern Asia,75,5.36,0.63216,0.91226,0.74676,0.59444,0.10441,0.1686,2.20173,94,5.175,0.741,1.346,0.851,0.543,0.073,0.147,-0.1850000000000005,0.10883999999999994,-19
Turkey,Middle East and Northern Africa,76,5.332,1.06098,0.94632,0.73172,0.22815,0.15746,0.12253,2.08528,79,5.373,1.183,1.36,0.808,0.195,0.106,0.083,0.04100000000000037,0.12202000000000002,-3
Kyrgyzstan,Central and Eastern Europe,77,5.286,0.47428,1.15115,0.65088,0.43477,0.04232,0.3003,2.2327,86,5.261,0.551,1.438,0.723,0.508,0.023,0.3,-0.024999999999999467,0.07672000000000007,-9
Nigeria,Sub-Saharan Africa,78,5.268,0.65435,0.90432,0.16007,0.34334,0.0403,0.27233,2.89319,85,5.265,0.696,1.111,0.245,0.426,0.041,0.215,-0.0030000000000001137,0.041649999999999965,-7
Bhutan,Southern Asia,79,5.253,0.77042,1.10395,0.57407,0.53206,0.15445,0.47998,1.63794,95,5.082,0.813,1.321,0.604,0.457,0.167,0.37,-0.17100000000000026,0.04257999999999995,-16
Azerbaijan,Central and Eastern Europe,80,5.212,1.02389,0.93793,0.64045,0.3703,0.16065,0.07799,2.00073,90,5.208,1.043,1.147,0.769,0.351,0.182,0.035,-0.0039999999999995595,0.01910999999999996,-10
Pakistan,Southern Asia,81,5.194,0.59543,0.41411,0.51466,0.12102,0.10464,0.33671,3.10709,67,5.653,0.677,0.886,0.535,0.313,0.098,0.22,0.45899999999999963,0.08157000000000003,14
Jordan,Middle East and Northern Africa,82,5.192,0.90198,1.05392,0.69639,0.40661,0.14293,0.11053,1.87996,101,4.906,0.837,1.225,0.815,0.383,0.13,0.11,-0.2860000000000005,-0.06498000000000004,-19
Montenegro,Central and Eastern Europe,82,5.192,0.97438,0.90557,0.72521,0.1826,0.14296,0.1614,2.10017,73,5.523,1.051,1.361,0.871,0.197,0.08,0.142,0.3309999999999995,0.07661999999999991,9
China,Eastern Asia,84,5.14,0.89012,0.94675,0.81658,0.51697,0.02781,0.08185,1.8604,93,5.191,1.029,1.125,0.893,0.521,0.1,0.058,0.051000000000000156,0.1388799999999999,-9
Zambia,Sub-Saharan Africa,85,5.129,0.47038,0.91612,0.29924,0.48827,0.12468,0.19591,2.6343,138,4.107,0.578,1.058,0.426,0.431,0.087,0.247,-1.0219999999999994,0.10761999999999994,-53
Romania,Central and Eastern Europe,86,5.124,1.04345,0.88588,0.7689,0.35068,0.00649,0.13748,1.93129,48,6.07,1.162,1.232,0.825,0.462,0.005,0.083,0.9460000000000006,0.11854999999999993,38
Serbia,Central and Eastern Europe,87,5.123,0.92053,1.00964,0.74836,0.20107,0.02617,0.19231,2.025,70,5.603,1.004,1.383,0.854,0.282,0.039,0.137,0.47999999999999954,0.08347000000000004,17
Portugal,Western Europe,88,5.102,1.15991,1.13935,0.87519,0.51469,0.01078,0.13719,1.26462,66,5.693,1.221,1.431,0.999,0.508,0.025,0.047,0.5909999999999993,0.06109000000000009,22
Latvia,Central and Eastern Europe,89,5.098,1.11312,1.09562,0.72437,0.29671,0.06332,0.18226,1.62215,53,5.94,1.187,1.465,0.812,0.264,0.064,0.075,0.8420000000000005,0.07387999999999995,36
Philippines,Southeastern Asia,90,5.073,0.70532,1.03516,0.58114,0.62545,0.12279,0.24991,1.7536,69,5.631,0.807,1.293,0.657,0.558,0.107,0.117,0.5579999999999998,0.1016800000000001,21
Morocco,Middle East and Northern Africa,92,5.013,0.73479,0.64095,0.60954,0.41691,0.08546,0.07172,2.45373,89,5.208,0.801,0.782,0.782,0.418,0.076,0.036,0.19500000000000028,0.06620999999999999,3
Mozambique,Sub-Saharan Africa,94,4.971,0.08308,1.02626,0.09131,0.34037,0.15603,0.22269,3.05137,123,4.466,0.204,0.986,0.39,0.494,0.138,0.197,-0.5049999999999999,0.12091999999999999,-29
Albania,Central and Eastern Europe,95,4.959,0.87867,0.80434,0.81325,0.35733,0.06413,0.14272,1.89894,107,4.719,0.947,0.848,0.874,0.383,0.027,0.178,-0.23999999999999932,0.06833,-12
Bosnia and Herzegovina,Central and Eastern Europe,96,4.949,0.83223,0.91916,0.79081,0.09245,0.00227,0.24808,2.06367,78,5.386,0.945,1.212,0.845,0.212,0.006,0.263,0.4370000000000003,0.11276999999999993,18
Lesotho,Sub-Saharan Africa,97,4.898,0.37545,1.04103,0.07612,0.31767,0.12504,0.16388,2.79832,144,3.802,0.489,1.169,0.168,0.359,0.093,0.107,-1.0959999999999996,0.11354999999999998,-47
Dominican Republic,Latin America and Caribbean,98,4.885,0.89537,1.17202,0.66825,0.57672,0.14234,0.21684,1.21305,77,5.425,1.015,1.401,0.779,0.497,0.101,0.113,0.54,0.1196299999999999,21
Laos,Southeastern Asia,99,4.876,0.59066,0.73803,0.54909,0.59591,0.24249,0.42192,1.73799,105,4.796,0.764,1.03,0.551,0.547,0.164,0.266,-0.08000000000000007,0.17334000000000005,-6
Mongolia,Eastern Asia,100,4.874,0.82819,1.3006,0.60268,0.43626,0.02666,0.3323,1.34759,83,5.285,0.948,1.531,0.667,0.317,0.038,0.235,0.4110000000000005,0.11980999999999997,17
Swaziland,Sub-Saharan Africa,101,4.867,0.71206,1.07284,0.07566,0.30658,0.0306,0.18259,2.48676,135,4.212,0.811,1.149,0.0,0.313,0.135,0.074,-0.6550000000000002,0.09894000000000003,-34
Greece,Western Europe,102,4.857,1.15406,0.92933,0.88213,0.07699,0.01397,0.0,1.80101,82,5.287,1.181,1.156,0.999,0.067,0.034,0.0,0.4299999999999997,0.026939999999999964,20
Lebanon,Middle East and Northern Africa,103,4.839,1.02564,0.80001,0.83947,0.33916,0.04582,0.21854,1.57059,91,5.197,0.987,1.224,0.815,0.216,0.027,0.166,0.35799999999999965,-0.03864000000000012,12
Hungary,Central and Eastern Europe,104,4.8,1.12094,1.20215,0.75905,0.32112,0.02758,0.128,1.24074,62,5.758,1.201,1.41,0.828,0.199,0.02,0.081,0.9580000000000002,0.08006000000000002,42
Honduras,Latin America and Caribbean,105,4.788,0.59532,0.95348,0.6951,0.40148,0.06825,0.23027,1.84408,59,5.86,0.642,1.236,0.828,0.507,0.078,0.246,1.072,0.046680000000000055,46
Tajikistan,Central and Eastern Europe,106,4.786,0.39047,0.85563,0.57379,0.47216,0.15072,0.22974,2.11399,74,5.467,0.493,1.098,0.718,0.389,0.144,0.23,0.681,0.10253000000000001,32
Tunisia,Middle East and Northern Africa,107,4.739,0.88113,0.60429,0.73793,0.26268,0.06358,0.06431,2.12466,124,4.461,0.921,1.0,0.815,0.167,0.055,0.059,-0.2779999999999996,0.03987000000000007,-17
Palestinian Territories,Middle East and Northern Africa,108,4.715,0.59867,0.92558,0.66015,0.24499,0.12905,0.11251,2.04384,110,4.696,0.657,1.247,0.672,0.225,0.066,0.103,-0.019000000000000128,0.05832999999999999,-2
Bangladesh,Southern Asia,109,4.694,0.39753,0.43106,0.60164,0.4082,0.12569,0.21222,2.51767,125,4.456,0.562,0.928,0.723,0.527,0.143,0.166,-0.23799999999999955,0.16447000000000006,-16
Iran,Middle East and Northern Africa,110,4.686,1.0088,0.54447,0.69805,0.30033,0.05863,0.38086,1.6944,117,4.548,1.1,0.842,0.785,0.305,0.125,0.27,-0.1379999999999999,0.09120000000000017,-7
Ukraine,Central and Eastern Europe,111,4.681,0.79907,1.20278,0.6739,0.25123,0.02961,0.15275,1.5714,133,4.332,0.82,1.39,0.739,0.178,0.01,0.187,-0.3490000000000002,0.020930000000000004,-22
Iraq,Middle East and Northern Africa,112,4.677,0.98549,0.81889,0.60237,0.0,0.13788,0.17922,1.95335,126,4.437,1.043,0.98,0.574,0.241,0.089,0.148,-0.23999999999999932,0.05750999999999995,-14
South Africa,Sub-Saharan Africa,113,4.642,0.92049,1.18468,0.27688,0.33207,0.08884,0.11973,1.71956,106,4.722,0.96,1.351,0.469,0.389,0.055,0.13,0.08000000000000007,0.039509999999999934,7
Ghana,Sub-Saharan Africa,114,4.633,0.54558,0.67954,0.40132,0.42342,0.04355,0.23087,2.30919,98,4.996,0.611,0.868,0.486,0.381,0.04,0.245,0.36300000000000043,0.06542000000000003,16
Zimbabwe,Sub-Saharan Africa,115,4.61,0.271,1.03276,0.33475,0.25861,0.08079,0.18987,2.44191,146,3.663,0.366,1.114,0.433,0.361,0.089,0.151,-0.9470000000000005,0.09499999999999997,-31
Liberia,Sub-Saharan Africa,116,4.571,0.0712,0.78968,0.34201,0.28531,0.06232,0.24362,2.77729,141,3.975,0.073,0.922,0.443,0.37,0.033,0.233,-0.5959999999999996,0.001799999999999996,-25
India,Southern Asia,117,4.565,0.64499,0.38174,0.51529,0.39786,0.08492,0.26475,2.27513,140,4.015,0.755,0.765,0.588,0.498,0.085,0.2,-0.5500000000000007,0.11001000000000005,-23
Haiti,Latin America and Caribbean,119,4.518,0.26673,0.74302,0.38847,0.24425,0.17175,0.46187,2.24173,147,3.597,0.323,0.688,0.449,0.026,0.11,0.419,-0.9209999999999998,0.05626999999999999,-28
Congo (Kinshasa),Sub-Saharan Africa,120,4.517,0.0,1.0012,0.09806,0.22605,0.07625,0.24834,2.86712,127,4.418,0.094,1.125,0.357,0.269,0.053,0.212,-0.0990000000000002,0.094,-7
Nepal,Southern Asia,121,4.514,0.35997,0.86449,0.56874,0.38282,0.05907,0.32296,1.95637,100,4.913,0.446,1.226,0.677,0.439,0.089,0.285,0.399,0.08603,21
Ethiopia,Sub-Saharan Africa,122,4.512,0.19073,0.60406,0.44055,0.4345,0.15048,0.24325,2.44876,134,4.286,0.336,1.033,0.532,0.344,0.1,0.209,-0.22599999999999998,0.14527,-12
Sierra Leone,Sub-Saharan Africa,123,4.507,0.33024,0.95571,0.0,0.4084,0.08786,0.21488,2.51009,129,4.374,0.268,0.841,0.242,0.309,0.045,0.252,-0.133,-0.06223999999999996,-6
Mauritania,Sub-Saharan Africa,124,4.436,0.45407,0.86908,0.35874,0.24232,0.17461,0.219,2.11773,122,4.49,0.57,1.167,0.489,0.066,0.088,0.106,0.05400000000000027,0.11592999999999998,2
Kenya,Sub-Saharan Africa,125,4.419,0.36471,0.99876,0.41435,0.42215,0.05839,0.37542,1.78555,121,4.509,0.512,0.983,0.581,0.431,0.053,0.372,0.09000000000000075,0.14729000000000003,4
Armenia,Central and Eastern Europe,127,4.35,0.76821,0.77711,0.7299,0.19847,0.039,0.07855,1.75873,116,4.559,0.85,1.055,0.815,0.283,0.064,0.095,0.20900000000000052,0.08179000000000003,11
Botswana,Sub-Saharan Africa,128,4.332,0.99355,1.10464,0.04776,0.49495,0.12474,0.10461,1.46181,148,3.488,1.041,1.145,0.538,0.455,0.1,0.025,-0.8439999999999999,0.04744999999999988,-20
Myanmar,Southeastern Asia,129,4.307,0.27108,0.70905,0.48246,0.44017,0.19034,0.79588,1.41805,131,4.36,0.71,1.181,0.555,0.525,0.172,0.566,0.052999999999999936,0.43892,-2
Georgia,Central and Eastern Europe,130,4.297,0.7419,0.38562,0.72926,0.40577,0.38331,0.05547,1.59541,119,4.519,0.886,0.666,0.752,0.346,0.164,0.043,0.22200000000000042,0.1441,11
Malawi,Sub-Saharan Africa,131,4.292,0.01604,0.41134,0.22562,0.43054,0.06977,0.33128,2.80791,150,3.41,0.191,0.56,0.495,0.443,0.089,0.218,-0.8819999999999997,0.17496,-19
Sri Lanka,Southern Asia,132,4.271,0.83524,1.01905,0.70806,0.53726,0.09179,0.40828,0.67108,130,4.366,0.949,1.265,0.831,0.47,0.047,0.244,0.09499999999999975,0.11375999999999997,2
Cameroon,Sub-Saharan Africa,133,4.252,0.4225,0.88767,0.23402,0.49309,0.05786,0.20618,1.95071,96,5.044,0.549,0.91,0.331,0.381,0.037,0.187,0.7919999999999998,0.12650000000000006,37
Bulgaria,Central and Eastern Europe,134,4.218,1.01216,1.10614,0.76649,0.30587,0.00872,0.11921,0.89991,97,5.011,1.092,1.513,0.815,0.311,0.004,0.081,0.7930000000000001,0.07984000000000013,37
Egypt,Middle East and Northern Africa,135,4.194,0.8818,0.747,0.61712,0.17288,0.06324,0.11291,1.59927,137,4.166,0.913,1.039,0.644,0.241,0.067,0.076,-0.02799999999999958,0.031200000000000006,-2
Yemen,Middle East and Northern Africa,136,4.077,0.54649,0.68093,0.40064,0.35571,0.07854,0.09131,1.92313,151,3.38,0.287,1.163,0.463,0.143,0.077,0.108,-0.6970000000000001,-0.25949000000000005,-15
Mali,Sub-Saharan Africa,138,3.995,0.26074,1.03526,0.20583,0.38857,0.12352,0.18798,1.79293,128,4.39,0.385,1.105,0.308,0.327,0.052,0.153,0.3949999999999996,0.12425999999999998,10
Congo (Brazzaville),Sub-Saharan Africa,139,3.989,0.67866,0.6629,0.31051,0.41466,0.11686,0.12388,1.68135,103,4.812,0.673,0.799,0.508,0.372,0.093,0.105,0.8230000000000004,-0.005659999999999998,36
Comoros,Sub-Saharan Africa,140,3.956,0.23906,0.79273,0.36315,0.22917,0.199,0.17441,1.95812,142,3.973,0.274,0.757,0.505,0.142,0.078,0.275,0.016999999999999904,0.03494000000000003,-2
Uganda,Sub-Saharan Africa,141,3.931,0.21102,1.13299,0.33861,0.45727,0.07267,0.29066,1.42766,136,4.189,0.332,1.069,0.443,0.356,0.06,0.252,0.258,0.12098,5
Senegal,Sub-Saharan Africa,142,3.904,0.36498,0.97619,0.4354,0.36772,0.10713,0.20843,1.44395,111,4.681,0.45,1.134,0.571,0.292,0.072,0.153,0.7770000000000001,0.08501999999999998,31
Gabon,Sub-Saharan Africa,143,3.896,1.06024,0.90528,0.43372,0.31914,0.11091,0.06822,0.99895,104,4.799,1.057,1.183,0.571,0.295,0.055,0.043,0.9030000000000005,-0.0032400000000001317,39
Niger,Sub-Saharan Africa,144,3.845,0.0694,0.77265,0.29707,0.47692,0.15639,0.19387,1.87877,114,4.628,0.138,0.774,0.366,0.318,0.102,0.188,0.7829999999999999,0.06860000000000001,30
Cambodia,Southeastern Asia,145,3.819,0.46038,0.62736,0.61114,0.66246,0.07247,0.40359,0.98195,109,4.7,0.574,1.122,0.637,0.609,0.062,0.232,0.8810000000000002,0.11361999999999994,36
Tanzania,Sub-Saharan Africa,146,3.781,0.2852,1.00268,0.38215,0.32878,0.05747,0.34377,1.38079,153,3.231,0.476,0.885,0.499,0.417,0.147,0.276,-0.5500000000000003,0.19079999999999997,-7
Madagascar,Sub-Saharan Africa,147,3.681,0.20824,0.66801,0.46721,0.19184,0.08124,0.21333,1.851,143,3.933,0.274,0.916,0.555,0.148,0.041,0.169,0.2519999999999998,0.06576000000000001,4
Central African Republic,Sub-Saharan Africa,148,3.678,0.0785,0.0,0.06699,0.48879,0.08289,0.23835,2.7223,155,3.083,0.026,0.0,0.105,0.225,0.035,0.235,-0.5949999999999998,-0.052500000000000005,-7
Chad,Sub-Saharan Africa,149,3.667,0.34193,0.76062,0.1501,0.23501,0.05269,0.18386,1.94296,132,4.35,0.35,0.766,0.192,0.174,0.078,0.198,0.6829999999999998,0.008069999999999966,17
Guinea,Sub-Saharan Africa,150,3.656,0.17417,0.46475,0.24009,0.37725,0.12139,0.28657,1.99172,118,4.534,0.38,0.829,0.375,0.332,0.086,0.207,0.8779999999999997,0.20583,32
Ivory Coast,Sub-Saharan Africa,151,3.655,0.46534,0.77115,0.15185,0.46866,0.17922,0.20165,1.41723,99,4.944,0.569,0.808,0.232,0.352,0.09,0.154,1.2890000000000001,0.10365999999999997,52
Burkina Faso,Sub-Saharan Africa,152,3.587,0.25812,0.85188,0.27125,0.39493,0.12832,0.21747,1.46494,115,4.587,0.331,1.056,0.38,0.255,0.113,0.177,0.9999999999999996,0.07288,37
Afghanistan,Southern Asia,153,3.575,0.31982,0.30285,0.30335,0.23414,0.09719,0.3651,1.9521,154,3.203,0.35,0.517,0.361,0.0,0.025,0.158,-0.37200000000000033,0.030179999999999985,-1
Rwanda,Sub-Saharan Africa,154,3.465,0.22208,0.7737,0.42864,0.59201,0.55191,0.22628,0.67042,152,3.334,0.359,0.711,0.614,0.555,0.411,0.217,-0.13099999999999978,0.13692,2
Benin,Sub-Saharan Africa,155,3.34,0.28665,0.35386,0.3191,0.4845,0.0801,0.1826,1.63328,102,4.883,0.393,0.437,0.397,0.349,0.082,0.175,1.5430000000000001,0.10635,53
Syria,Middle East and Northern Africa,156,3.006,0.6632,0.47489,0.72193,0.15684,0.18906,0.47179,0.32858,149,3.462,0.619,0.378,0.44,0.013,0.141,0.331,0.4560000000000004,-0.04420000000000002,7
Burundi,Sub-Saharan Africa,157,2.905,0.0153,0.41587,0.22396,0.1185,0.10062,0.19727,1.83302,145,3.775,0.046,0.447,0.38,0.22,0.18,0.176,0.8700000000000001,0.030699999999999998,12
Togo,Sub-Saharan Africa,158,2.839,0.20868,0.13995,0.28443,0.36453,0.10731,0.16681,1.56726,139,4.085,0.275,0.572,0.41,0.293,0.085,0.177,1.246,0.06632000000000002,19
